name,price,status,important,link
Creative Pebble 2.0 USB-Powered Desktop Speakers with Far-Field,2199,,,https://www.amazon.in/dp/B0791H74NT
Dune,450,,False,https://www.amazon.in/dp/0441172717
Kingston Fury 16GB 3200MHz DDR4 CL20 SODIMM Fury,14975,,,https://www.amazon.in/dp/B097QLN123
Ant Esports Riser 20 Heavy Duty Monitor and,967,,,https://www.amazon.in/dp/B0DW93QR65
Nokia 220 4G | All-new 4G Keypad Phone,3399,,,https://www.amazon.in/dp/B0D5HMXD53
Redmi Pad SE| All Day Battery | Qualcomm,23999,,,https://www.amazon.in/dp/B0D1C7KM6Y
"Redmi Pad 2 Wi-Fi + Cellular, Active Pen",1,Unavailable,,https://www.amazon.in/dp/B0FBRV6W9B
Samsung Galaxy S24 FE 5G AI Smartphone,39999,Unavailable,,https://www.amazon.in/dp/B0DHL7YT5S
Samsung Galaxy M56 5G Mobile,0,Unavailable,,https://www.amazon.in/dp/B0F43VZ4H1
